strategy,imdb-sakila,cms-omop,cprd_aurum-omop,cprd_gold-omop,mimic_iii-omop,synthea-omop,Musicians_joinable_source-Musicians_joinable_target,Musicians_semjoinable_source-Musicians_semjoinable_target,Musicians_unionable_source-Musicians_unionable_target,Musicians_viewunion_source-Musicians_viewunion_target
Coma Rewrite: Original,0.1739130434782609,0.013245033112582783,0.05128205128205128,0.0392156862745098,0.038461538461538464,0.06611570247933886,0.9090909090909091,0.7142857142857143,0.5714285714285715,0.9090909090909091
Similarity Flooding Rewrite: Original,0.20689655172413793,0.04301075268817204,0.08333333333333333,0.03375527426160337,0.08919382504288165,0.02843601895734597,0.7058823529411764,0.7000000000000001,0.8947368421052632,0.5882352941176471
Unicorn Rewrite: Original,0.0,0.031,0.018,0.035,0.015,0.043,0.923,0.8,0.872,0.8
Llm-Rematch Rewrite: Original Matching: Gpt-3.5-Turbo|,0.2692307692307692,0.012422360248447206,0.30769230769230765,0.28571428571428575,0.11956521739130435,0.16379310344827588,0.8571428571428571,0.6956521739130436,0.8837209302325583,0.6666666666666667
Llm-Rematch Rewrite: Original Matching: Gpt-4O|,0.4482758620689655,0.12025316455696201,0.13559322033898305,0.07758620689655171,0.20625,0.24902723735408558,0.8,0.7272727272727273,0.9268292682926829,0.7142857142857143
Llm Rewrite: Original Matching: Gpt-3.5-Turbo|,0.6666666666666666,0.16568047337278105,0.2692307692307693,0.14285714285714285,0.21639344262295082,0.23529411764705882,0.0,0.0,0.5789473684210527,0.8
Llm Rewrite: Original Matching: Gpt-4O|,0.6666666666666667,0.2413793103448276,0.27906976744186046,0.2204724409448819,0.40646651270207856,0.4522613065326633,1.0,1.0,0.9743589743589743,0.9090909090909091
