strategy,imdb-sakila,cms-omop,cprd_aurum-omop,cprd_gold-omop,mimic_iii-omop,synthea-omop,Musicians_joinable_source-Musicians_joinable_target,Musicians_semjoinable_source-Musicians_semjoinable_target,Musicians_unionable_source-Musicians_unionable_target,Musicians_viewunion_source-Musicians_viewunion_target
Coma Rewrite: Original,0.08695652173913045,0.02484472049689441,0.0,0.03389830508474576,0.03773584905660377,0.048780487804878044,0.9090909090909091,0.7142857142857143,0.5714285714285715,0.9090909090909091
Similarity Flooding Rewrite: Original,0.17857142857142858,0.024590163934426233,0.019801980198019802,0.024539877300613498,0.031936127744510975,0.02843601895734597,0.7058823529411764,0.7000000000000001,0.8947368421052632,0.5882352941176471
Cupid Rewrite: Original,0.0,0.012903225806451615,0.0,0.0,0.0,0.0,0.3333333333333333,0.8,0.8648648648648648,0.3333333333333333
Unicorn Rewrite: Original,0.0,0.031,0.018,0.035,0.015,0.043,0.923,0.8,0.872,0.8
Llm-Rematch Rewrite: Original Matching: Gpt-3.5-Turbo|,0.28571428571428575,0.08712121212121213,0.039603960396039604,0.017291066282420747,0.07860262008733623,0.0990990990990991,0.5882352941176471,0.761904761904762,0.9047619047619048,0.7142857142857143
Llm-Rematch Rewrite: Original Matching: Gpt-4O|,0.43478260869565216,0.17665615141955837,0.15503875968992248,0.04861111111111111,0.2219020172910663,0.20769230769230768,0.8,0.6956521739130436,0.9268292682926829,0.5882352941176471
Llm Rewrite: Original Matching: Gpt-3.5-Turbo|,0.5806451612903226,0.2677165354330709,0.28205128205128205,0.15517241379310343,0.17261904761904762,0.32863849765258213,0.8333333333333334,0.7999999999999999,0.7692307692307692,0.8
Llm Rewrite: Original Matching: Gpt-4O|,0.7428571428571429,0.19555555555555557,0.24096385542168675,0.20312500000000003,0.3656884875846501,0.46009389671361506,0.923076923076923,1.0,0.9500000000000001,0.7692307692307692
