strategy,imdb-sakila,cms-omop,cprd_aurum-omop,cprd_gold-omop,mimic_iii-omop,synthea-omop,Musicians_joinable_source-Musicians_joinable_target,Musicians_semjoinable_source-Musicians_semjoinable_target,Musicians_unionable_source-Musicians_unionable_target,Musicians_viewunion_source-Musicians_viewunion_target
Llm-Rematch Rewrite: Original Matching: Gpt-3.5-Turbo|,0.2692307692307692,0.012422360248447206,0.30769230769230765,0.28571428571428575,0.11956521739130435,0.16379310344827588,0.8571428571428571,0.6956521739130436,0.8837209302325583,0.6666666666666667
Llm-Rematch Rewrite: Original Matching: Gpt-4O|,0.4482758620689655,0.12025316455696201,0.13559322033898305,0.07758620689655171,0.20625,0.24902723735408558,0.8,0.7272727272727273,0.9268292682926829,0.7142857142857143
Llm Rewrite: Original Matching: Gpt-3.5-Turbo|,0.6666666666666666,0.2512562814070352,0.2692307692307693,0.19753086419753085,0.21639344262295082,0.1829268292682927,0.0,0.0,0.5789473684210527,0.8
Llm Rewrite: Original Matching: Gpt-4O|,0.6666666666666667,0.2413793103448276,0.27906976744186046,0.2204724409448819,0.40646651270207856,0.4522613065326633,1.0,1.0,0.9743589743589743,0.9090909090909091
