{
    "Musicians_unionable-original": {
        "f1": 0.8717943274164622,
        "recall": 0.8947367950138528,
        "acc": 0.9875,
        "duration": 1.285142
    },
    "Musicians_semjoinable-original": {
        "f1": 0.7999993955558788,
        "recall": 0.7499999062500118,
        "acc": 0.9846938775510204,
        "duration": 0.626449
    },
    "Musicians_joinable-original": {
        "f1": 0.9230762840239572,
        "recall": 0.9999998333333611,
        "acc": 0.9940828402366864,
        "duration": 0.539889
    },
    "Musicians_viewunion-original": {
        "f1": 0.7999993400003444,
        "recall": 0.799999840000032,
        "acc": 0.9881656804733728,
        "duration": 0.539621
    }
}
