{
    "mimic_iii-omop-gpt-4o": {
        "f1": 0.026277172641505028,
        "recall": 0.014802631554600935,
        "acc": 0.9952346250571559,
        "duration": 452.848247
    },
    "imdb-sakila-gpt-3": {
        "f1": 0.0,
        "recall": 0.0,
        "acc": 0.9849002849002849,
        "duration": 11.546642
    },
    "cprd_aurum-omop-gpt-3": {
        "f1": 0.10100970329713795,
        "recall": 0.06944444396219136,
        "acc": 0.9945784600389863,
        "duration": 108.283143
    },
    "imdb-sakila-original": {
        "f1": 0.0,
        "recall": 0.0,
        "acc": 0.9857549857549858,
        "duration": 11.526833
    },
    "mimic_iii-omop-original": {
        "f1": 0.014534678165086417,
        "recall": 0.00822368419700052,
        "acc": 0.9951560356652949,
        "duration": 461.220403
    },
    "cprd_gold-omop-gpt-4o": {
        "f1": 0.07873966321841325,
        "recall": 0.08928571269132657,
        "acc": 0.9977981029810298,
        "duration": 175.427433
    },
    "mimic_iii-omop-gpt-3": {
        "f1": 0.06095770235640396,
        "recall": 0.03453947362740218,
        "acc": 0.9953775148605396,
        "duration": 461.401583
    },
    "cprd_aurum-omop-original": {
        "f1": 0.018376400203592748,
        "recall": 0.04545454511019284,
        "acc": 0.9804763645224172,
        "duration": 108.607484
    },
    "imdb-sakila-gpt-4o": {
        "f1": 0.0,
        "recall": 0.0,
        "acc": 0.9854700854700855,
        "duration": 11.56506
    },
    "omop-cms-original": {
        "f1": 0.0029238034337447944,
        "recall": 0.001616814873389802,
        "acc": 0.9671103395061729,
        "duration": 136.976405
    },
    "cprd_gold-omop-gpt-3": {
        "f1": 0.08571380449248335,
        "recall": 0.10714285522959188,
        "acc": 0.9975910870219813,
        "duration": 175.483259
    },
    "omop-cms-gpt-4o": {
        "f1": 0.011155350194511516,
        "recall": 0.0056588520568643065,
        "acc": 0.9700761959876543,
        "duration": 136.81631
    },
    "omop-cms-gpt-3": {
        "f1": 0.018236969186356946,
        "recall": 0.009700889240338812,
        "acc": 0.9688464506172839,
        "duration": 136.534053
    },
    "cprd_aurum-omop-gpt-4o": {
        "f1": 0.10126532842199584,
        "recall": 0.09090909022038568,
        "acc": 0.9935124269005848,
        "duration": 108.511644
    },
    "cprd_gold-omop-original": {
        "f1": 0.03546067436531098,
        "recall": 0.08928571269132657,
        "acc": 0.9948810599217103,
        "duration": 175.570531
    },
    "cms-omop-original": {
        "f1": 0.030769200338149123,
        "recall": 0.015624999965122769,
        "acc": 0.9893663194444444,
        "duration": 140.185065
    },
    "synthea-omop-original": {
        "f1": 0.04347803782309062,
        "recall": 0.02492211830242331,
        "acc": 0.9926593259926594,
        "duration": 161.975095
    }
}
